100087,(특대)데일리 샌드위치식빵
100154,건강한곡물식빵
100151,고(高)식이섬유1cm통밀식빵
100011,고소한옥수수식빵
100072,단호박검은깨식빵
100015,데일리 샌드위치식빵
100116,로만밀플러스식빵
100001,바삭하게 그대로 토스트
100131,버터풍미가득꿀토스트
100148,부드러운 상미종생(生)식빵
100133,부드러운 정통우유식빵
100032,호밀호두 플러스 식빵
574701,21치즈)콰트로치즈몰빵
574867,22치즈)트리플치즈식빵
572833,64겹골든페스츄리
574749,NEW모카크림식빵
303625,NEW모카크림식빵1/2
574706,NEW밤식빵
303606,NEW밤식빵half
574671,가을)고구마가달구마
574698,결이 살아있는  모닝토스트
303602,결이 살아있는  시나몬모닝토스트
574872,달콤향긋한시나몬식빵
570743,데니쉬식빵휴면반죽
574170,블루베리생크림식빵
574451,상미종생식빵
302384,소보루듬뿍데니쉬식빵
310205,스위트밀크브레드
570090,스위트밀크식빵
300518,스위트밀크식빵(소)
574373,진한우유식빵
302343,쫄깃담백한)뜯어먹는롤치즈브레드(1/2)
572223,쫄깃담백한)뜯어먹는브레드
302742,쫄깃담백한)뜯어먹는브레드(1/2)
574415,촉촉한 초코데니쉬롤
572359,촉촉함을담은쫄깃한식빵
300236,허니버터토스트(소)
574802,NEW고짠고짠소금버터링
574802,NEW고짠고짠소금버터링
303790,NEW마늘바게뜨
574750,NEW소시지소프트프랑스
574452,갈릭볼
572707,건포도토종효모빵
302470,건포도토종효모빵(half)
303785,고짠고짠소금버터V
303785,고짠고짠소금버터V
574985,달콤바삭연유바게뜨
574332,달콤하고 바삭한 연유바게뜨
574431,리)크림치즈베이글
574780,마늘꽃이피었습니다
312176,마늘모닝바게뜨
303747,마늘빵
303748,마늘빵(5개입)
574407,모닝바게뜨
300706,블루베리베이글허니월넛크림치즈
574254,상미종무화과깜빠뉴
574253,상미종호두건포도깜빠뉴
300497,소시지소프트프랑스
574559,쇼콜라깜빠뉴
574426,신)블루베리 베이글
574425,신)플레인베이글
574548,앙버터치아바타
574652,양파꽃이피었습니다
303162,자꾸 생각나는 갈릭스틱(1개입) 
303163,자꾸 생각나는 갈릭스틱(2개입) 
303164,자꾸 생각나는 갈릭스틱(4개입) 
574831,정통바게뜨
572706,쫄깃한토종효모빵
302464,쫄깃한토종효모빵(half)
572736,쫄깃한토종효모빵(미니)
300516,치즈바게뜨
302730,크림치즈모닝바게뜨
574367,파리의 바게뜨
302036,파리의갈릭바게뜨
303746,프렌치마늘바게뜨
574822,프렌치바게뜨
300704,플레인베이글허니월넛크림치즈
574532,호두호밀브레드
110261,내몸을건강하게통밀모닝롤
110262,내몸을건강하게통밀브레드
110207,목초(木醋)란으로만든핑거스틱
110004,부드러운 우유모닝롤
110238,초코칩쏙쏙롤링브레드
110224,통밀브레드
303283,(3개입)스위트밀크롤
303284,(4개입)스위트밀크롤
303285,(5개입)스위트밀크롤
303286,(6개입)스위트밀크롤
574700,21치즈)겉바속쫀모짜치즈볼
303586,21치즈)겉바속쫀모짜치즈볼2개입
303587,21치즈)겉바속쫀모짜치즈볼3개입
574866,22치즈)체다치즈를더한황치즈크림빵
574869,22치즈)콘치즈마요그라탕
574870,22치즈)파마산치즈어니언페스츄리
303324,2개입)쫄깃한찹쌀스틱도넛(글레이즈)
303322,2개입)쫄깃한찹쌀스틱도넛(시나몬)
574813,N)베리베리크림도넛
574825,NEW꽃맛살고로케
574748,NEW꽈배기도넛
303628,NEW달콤꽈배기도넛
574747,NEW돌돌말린소시지도넛
574757,NEW매콤아삭고로케
574705,NEW명품잡채고로케
574751,NEW미니초코칩트위스트
303626,NEW미니초코칩트위스트(4개입)
303630,NEW미니초코칩트위스트(5개입)
303627,NEW미니초코칩트위스트(6개입)
574704,NEW야채감자고로케
574789,NEW쫄깃한피자빵
574746,NEW추억의소시지빵
574693,NEW치즈소시지페스츄리
303629,NEW케익꽈배기도넛
303604,NEW크림치즈데니쉬
572170,PB정통소보루
574756,갈릭고구마페스츄리
303333,갈릭스틱토스트
303335,갈릭스틱토스트(2개입)
900501,강원도옥수수빵
574695,고구마품은꽈배기
574982,고다치즈와체다치즈를넣은롤치즈빵
574785,고소짭짤햄치즈브레드
572889,골든크림메론빵
302570,글레이즈츄잉스타
574592,꽃맛살고로케
312398,다크초코링도넛
302568,다크초코츄잉스타
572788,단팥도넛NEW
572785,단팥빵NEW
311301,단팥소보루
574694,단팥품은꽈배기
302385,달콤고소한밤롤브레드
574788,달콤고소한밤소보루브레드
302235,달콤바삭하이토스트
570764,달콤부드러운 후레쉬크림샌드빵
300701,달콤부드러운 후레쉬크림샌드빵(1/2)
574249,달콤한 꿀도넛
574549,달콤한 뀐아망
303070,달콤한꿀도넛(3개입)
303071,달콤한꿀도넛(4개입)
303062,달콤한꿀도넛(5개입)
574823,달콤한딸기롤파이
303738,달콤한딸기롤파이(2개입)
303739,달콤한딸기롤파이(3개입)
303740,달콤한딸기롤파이(4개입)
303741,달콤한딸기롤파이(5개입)
303158,달콤한왕꽈배기
303841,달콤한우리찹쌀왕꽈배기
300105,달콤한크림소보루
303712,달콤한크림크라상
303624,더 부드러워진 아다지오 모카생크림커피번
303674,더 부드러워진 아다지오 생크림커피번
574745,더 부드러워진 아다지오 커피번
302790,더블초코
574521,돌돌말린모짜렐라치즈소시지
572272,돌돌말린소시지도넛
574616,든든한통소시지빵
300155,땅콩크림빵
302325,땅콩크림후레쉬브레드
302130,러스크(우유식빵)
311315,러스크(우유식빵)5개입
311492,마늘토스트
574804,말랑체다치즈스틱
303704,말랑체다치즈스틱(2개입)
303705,말랑체다치즈스틱(3개입)
303706,말랑체다치즈스틱(4개입)
303707,말랑체다치즈스틱(5개입)
303708,말랑체다치즈스틱(6개입)
572486,맘모스브레드
302741,맘모스브레드(half)
574520,모짜렐라치즈스마일
303355,모짜렐라치즈스마일2개입
303591,미니찹쌀도넛(3개입)
303592,미니찹쌀도넛(4개입)
302164,미니찹쌀도넛(5개입)
572334,미니찹쌀도우넛R
303703,미니호두크림치즈빵(8개입)
303582,바삭쫄깃한로제품은달걀
574786,밤소보루맘모스
303728,밤소보루맘모스(1/2)
303673,버터갈릭뀐아망
574782,부드러운갈릭브레드
302875,부드러운모카크림빵
572450,부드러운연유브레드
574743,뺑오레쟁
572417,뽀드득그릴소시지
574566,생도넛
303415,생도넛(2개입)
303416,생도넛(3개입)
303842,생크림폭탄도넛
572179,소보루(성형)
572787,슈크림빵NEW
302572,스노우링도넛
574446,스위트밀크롤NEW
302573,시나몬슈가링도넛
302761,시원하게즐기는메론빵
303128,신)미니딸기크라상
574302,신)미니크라상
303126,신)미니크라상(4개입)
303127,신)미니크라상(5개입)
302571,아몬드초코링도넛
572843,양파치즈브레드
302324,연유크림후레쉬브레드
572710,옛날왕슈크림도넛
574717,완두앙금빵
574411,왕크림도넛
572363,우리찹쌀모카찰떡빵
574986,우리찹쌀왕꽈배기
900508,진도해풍맞은쑥빵
570875,진한초코브레드
574824,진한크림치즈롤파이
303742,진한크림치즈롤파이(2개입)
303743,진한크림치즈롤파이(3개입)
303744,진한크림치즈롤파이(4개입)
303745,진한크림치즈롤파이(5개입)
574984,쫀득고소한추억의찰깨빵
302058,쫀득바삭한아다지오모카찰깨빵
570562,쫀득쫀득한찰깨빵
303181,쫀득쫀득한찰깨빵(2개입)
574755,쫀득흑당호떡
574319,쫄깃한왕꽈배기
574873,쫄깃한찹쌀떡빵
303323,쫄깃한찹쌀스틱도넛(글레이즈)
303321,쫄깃한찹쌀스틱도넛(시나몬)
572789,찹쌀도넛NEW
570564,찹쌀앙금빵
574827,초코아몬드브레드
574477,촉촉한몽블랑
574983,추억의생도나스
303806,추억의생도나스(2개입)
303807,추억의생도나스(3개입)
302163,추억의소시지빵
575006,츄러스
303058,치즈듬뿍 어니언 
574285,칠리꽃맛살고로케
574306,카스테라구마
574784,카페모카빵
303702,카페모카빵(소)
303361,쿠키&다크초코도넛
303362,쿠키&화이트초코도넛
574725,클래식애플파이
303749,톡톡콘치즈브레드
303750,톡톡콘치즈브레드(2개입)
574457,팥이팅!소보루도넛
574711,프렌치크라상
300503,플레인베이글피자
302841,호두단팥빵
574787,호두크림치즈빵
302874,혼자서도즐기는연유브레드
574217,화이트 치즈볼
303123,화이트 치즈볼(2개입)
303101,화이트 치즈볼(3개입)
303097,화이트 치즈볼(4개입)
303098,화이트 치즈볼(5개입)
300476,화이트링도넛
302569,화이트초코츄잉스타
300985,후레쉬크림빵
110001,단팥빵(완제)
110233,단팥빵플러스
110252,달콤연유 크림브레드
110003,땅콩크림빵(완제)
110006,모카크림빵
910396,바나나가좋은에디케익
910696,뽀로로가 좋아하는 딸기 키즈케익
110250,생(生)유산균플러스딸기크림빵
110011,소보루빵(완제)
110211,순수우유후레쉬번
110013,슈크림빵(완제)
910395,우유가좋은뽀로로케익
110214,체다치즈후레쉬번
110236,초코 왕소라빵 플러스
110023,초코소라빵
910224,촉촉한고구마케익
910198,촉촉한치즈케익
140006,카스테라
110208,콘소보루크림빵
110149,한입에두번반한단팥크림빵
110257,후레쉬크림빵
322617,(Half)더블치즈콘토스트
574833,(NEW)부드러운햄&에그샌드위치
535292,(반제)에그베이컨토스트
535259,(반제)햄치즈오리지널머핀
320469,(제조)햄치즈오리지널머핀
572531,BLT샌드위치
922319,FRESH한입쏙미니버거
574278,건강한디럭스샌드위치믹스박스
574539,건강한크랩샐러드랩
574620,건강한토종효모빵햄&에그샌드위치
574763,건강한통밀치킨롤샌드위치
574678,건강한플랜트불고기샐러드랩
535326,굿모닝해쉬머핀
574512,그릴드치킨포카챠
120075,꽃맛살 포켓샌드
574716,더블바비큐치킨샌드위치
535306,더블치즈콘토스트
574432,레드페퍼&허니스모크햄 샌드위치
574668,로제치킨포카챠
574744,로제치킨포카챠샌드위치
402211,마르게리따 포카챠 피자
535382,매콤투움바핫도그
322202,맥앤치즈토스트
535388,멀티그레인시저치킨샌드위치
574507,모짜렐라포카챠
535347,몬테크리스토샌드위치
322723,몬테크리스토샌드위치(튀긴)
535328,미트볼샌드위치
322002,바베큐포크브리또
575011,바질치킨파니니
535386,반)부드러운햄&에그
574659,반)크랜베리치킨호밀샌드위치
535231,베이컨해쉬머핀
535327,봉쥬르그라탕샌드위치
120064,소시지 포켓샌드
535346,소시지브런치랩
574508,쉬림프포카챠
535375,스윗모닝콘스프토스트
321845,스크램블베이글
535368,스파이시미트칠리핫도그
574718,스파이시타코포카챠
933781,신)건강한치킨커틀릿샐러드랩
574472,아메리칸바비큐샌드위치
536004,안양CK)미니버거샌드위치
322788,야채듬뿍에그돈까스토스트
574462,에그&갈릭브런치샌드위치
535357,에그돈까스토스트
321759,에그소시지깔조네
535374,연유듬뿍프렌치토스트
322069,오리지널햄에그머핀
535211,올리브튜나치아바타
574658,와사비크랩샌드위치
574294,완)3가지맛 굿모닝샌드위치
574448,완)런치샌드위치
574244,완)치킨클럽 3단 샌드위치
574245,완)통밀햄에그 3단 샌드위치
910803,완제)통밀디럭스샌드위치
910804,완제)통밀에그샐러드샌드위치
574999,잠봉모짜렐라파니니
535256,체다스크램블에그번
574516,치즈듬뿍바질크로크무슈
120065,콘치즈 포켓샌드
535151,쿠바샌드위치
574482,크랜베리치킨호밀샌드위치
535381,크로크무슈
322203,타코토스트
535369,톡톡콘치즈핫도그
574603,트러플까르보나라포카챠
574241,트러플오일 크로크무슈
535293,파리의토스트
575010,페퍼로니모짜렐라파니니
574556,페퍼로니포카챠
535392,폭신에그번샌드위치
574775,플랜트디럭스샌드위치
535387,할라피뇨BBQ샌드위치
574691,할라피뇨필리치즈샌드위치
574461,햄&치즈브런치샌드위치
402210,햄치즈 포카챠 피자
322322,(당근x)믹스샌드위치
322214,(당근x)에그쉬림프샌드위치
322120,(당근없는)에그샐러드샌드위치
322121,(당근없는)에그샐러드샌드위치(half)
322127,(당근없는)점보박스
535260,(반제)에그듬뿍햄치즈든든토스트
321719,(제조)에그듬뿍햄치즈든든토스트
321193,(제조)에그베이컨토스트
322543,(파프리카)미니버거
322575,(파프리카)버거버거미니버거
322675,(프릴)B.E.L.TSW
322857,(프릴)디럭스샌드위치
322673,(프릴)에그샐러드SW
322674,(프릴)에그샐러드SW(당근X)
322451,3가지맛 굿모닝샌드위치
321886,B.E.L.T 샌드위치
322899,FRESH아보카도베이글샌드위치
322900,FRESH아보카도베이글샌드위치(half)
321836,감자사라다빵
321853,감자사라다빵(half)
321100,건강한베스트콤보SW
322881,건강한치킨커틀릿샐러드랩
322243,곡물베이글로만든코코넛쉬림프
321767,깔끔한카프레제치아바타
322244,깨베이글로만든치킨베이컨
322537,더블디럭스샌드위치
322912,더블에그&아보카도반반세트
322914,더블에그&앙큼밤반반세트
322901,더블에그베이글샌드위치
322902,더블에그베이글샌드위치(half)
322235,둘이서즐기는피크닉박스
300538,디럭스샌드위치
302009,디럭스샌드위치(half)
322066,디럭스피크닉박스
321827,딸기크림 샌드위치
310690,또띠아치킨텐더
322328,런치 플러스 샌드위치
300578,런치샌드위치
302011,런치샌드위치(Half)
321894,마늘간장닭강정샌드위치
321941,매콤닭강정(단품)
321893,매콤닭강정샌드위치
322495,멜팅치즈 핫도그
321997,미네스트로네 스프
322484,미니버거 믹스박스 
300542,미니버거샌드위치
321835,믹스샌드위치
321101,버거버거 미니버거(2개)
321830,버팔로치킨치아바타
322367,불고기 바게뜨
322305,불닭또띠아
322593,상미종생(生)식빵으로만든돈까스샌드위치
322592,상미종생(生)식빵으로만든에그샐러드샌드위치
322594,상미종생(生)식빵으로만든에그앤에그샌드위치
322080,새우반미샌드위치
310378,샐러드빵
321502,샐러드빵미니
322033,숯불바베큐버거
322088,스윗칠리새우샌드위치
321047,스파이시치킨핸디랩
322211,시저치킨 샐러드랩
322913,아보카도&앙큼밤반반세트
322903,앙큼밤베이글샌드위치
322904,앙큼밤베이글샌드위치(half)
322115,애플샐러드샌드위치
320912,양송이스프볼
322506,에그듬뿍 햄치즈토스트(에그스프레드)
322507,에그베이컨토스트(에그스프레드)
322485,에그샐러드SW 믹스박스 
300548,에그샐러드샌드위치
320945,에그샐러드샌드위치(half)
310321,에그쉬림프샌드위치
322555,에그앤에그샌드위치
322042,오후엔그랩버거
321956,와사비크랩볼(2개입)
300546,와사비크랩볼샌드위치
322622,잠봉바게뜨샌드위치
322124,점보박스
322329,제주 흑돼지 핫도그
321650,쫄깃한토종효모빵햄치즈샌드위치
322015,촉촉한계란말이샌드
322690,추억의햄에그사라다빵
322691,추억의햄에그사라다빵(2개입)
322806,치킨&모짜렐라포카챠샌드위치
322081,치킨반미샌드위치
321690,치킨치아바타
321032,칠리크랩샌드위치
322479,카프레제포카챠
322212,케이준치킨 샐러드랩
322089,케이준치킨샌드위치
321669,콘스프
321697,콘스프볼
302958,콘치즈머핀
322505,콘치즈프렌치토스트
310844,크랜베리치킨롤샌드위치
320910,크랜베리치킨호밀SW(Half)
320670,크랜베리치킨호밀브레드
312429,크랜베리치킨호밀샌드위치
322494,클래식 핫도그
321887,클럽샌드위치
322439,토마토를 올린 햄치즈크라상
322072,토마토베이컨머핀
322245,통밀 디럭스 샌드위치
322309,통밀 디럭스샌드위치(Half)
322330,통밀 햄에그 샌드위치
322554,통밀에그샐러드샌드위치
322236,통살치킨버거
322440,통오트밀 에그포테이토 샌드위치 
322441,통오트밀 햄치즈 샌드위치 
322480,파스트라미포카챠
303154,프렌치토스트
322538,피크닉버거
322501,하바티치즈&햄 바게뜨샌드위치
322123,해쉬브라운 팬케익
322841,햄&에그샐러드빵
322807,햄&치즈포카챠샌드위치
322032,햄_모짜렐라머핀
300553,햄에그샌드위치
302012,햄에그샌드위치(half)
322067,햄에그피크닉박스
322366,햄치즈 바게뜨
322110,햄치즈베이글
303155,햄치즈프렌치토스트
300547,호밀샌드위치
900553,PB가든샐러드
900552,PB그린샐러드
910738,PB비트&그린샐러드
900587,건강한 로스트 치킨 브레스트
574834,건강한모닝롤샌드위치믹스박스
900559,고소한에그샐러드
900561,담백한참치샐러드
900636,두부텐더콥샐러드
910802,든든한단호박샐러드
922320,로스트치킨브레스트블랙페퍼
900509,로스트치킨샐러드
900634,로스트치킨시저샐러드
900511,리코타치즈_치킨샐러드
900635,베리리코타치킨샐러드
900560,부드러운감자샐러드
900604,불고기크리스피오트샐러드
900603,쉬림프퀴노아샐러드
572927,슈퍼퀴노아치킨샐러드
900510,시저샐러드new
900602,시저치킨렌틸콩샐러드
910737,오늘하루착한과일
322933,NEW)단백한끼치킨샐러드
322931,NEW)데리야끼치킨샐러드
322867,NEW)로스트치킨에그샐러드
322934,NEW)쉬림프콥샐러드
322936,NEW)아보카도쉬림프샐러드
322932,NEW)오렌지치킨샐러드
322935,NEW)코코넛쉬림프샐러드
322869,NEW)크랜베리치킨리코타샐러드
322868,NEW)크리스피치킨샐러드
322237,과일컵샐러드
321677,단백질듬뿍로스트치킨샐러드
321678,단백질듬뿍로스트치킨샐러드Mini
322672,단백한끼치킨샐러드
322870,데리야끼치킨샐러드
322137,로스트치킨컵샐러드
321967,리코타치즈_치킨샐러드
321968,리코타치즈_치킨샐러드Mini
322607,바베큐치킨샐러드(L)
322606,바베큐치킨샐러드(M)
322079,불고기누들샐러드
322362,쉬림프콥샐러드
322717,아보카도쉬림프샐러드
321850,알자스포테이토샐러드
322605,오렌지치킨샐러드(L)
322604,오렌지치킨샐러드(M)
321679,오리지널시저샐러드
321680,오리지널시저샐러드Mini
322027,이탈리안파스타샐러드
322111,치킨곤약누들샐러드
322030,케이준치킨샐러드
322470,코코넛쉬림프샐러드
322078,토마토파스타컵샐러드
321681,튜나콥샐러드
321682,튜나콥샐러드Mini
321586,PB어니언소시지머핀
321575,PB에그샐러드토스트
321617,미트칠리파니니
322306,응원 야식세트
933770,루어팍가염버터
933006,소프트딸기크림치즈(필라델피아)
933008,소프트플레인크림치즈
910734,알라크림치즈
933761,알라크림치즈Mini(20g)
910213,온브레드크림치즈(플레인)
933438,이즈니가염버터25g
322884,크림치즈)솔티드카라멜크림치즈
322883,크림치즈)플레인크림치즈
910756,토마토가방울방울
910645,폴리크림치즈포션
910212,허니버터(신)
540783,레몬갈릭드레싱
320348,크리미머스터드드레싱
535383,1st)더욱맛있어진정통볶음짬뽕
574875,HMR1st)단짠단짠콘소시지피자
574883,HMR1st)달콤허니고르곤졸라피자
535370,HMR1st)더욱맛있어진파송송정통짜장면
535380,HMR1st)매콤마라덮밥
535378,HMR1st)매콤핫맥앤치즈
535377,HMR1st)매콤핫투움바파스타
535376,HMR1st)미트볼&트러플오일까르보나라
535384,HMR1st)부추고추잡채밥
535372,HMR1st)불닭소스에빠진불닭맥앤치즈
535314,HMR1st)쉬림프로제 리조또
535391,HMR1st)쉬림프비스큐리조또
535393,HMR1st)씨푸드로제크림파스타
535364,HMR1st)정통유산슬덮밥
535365,HMR1st)직화부타동
535385,HMR1st)치즈듬뿍로제치킨도리아
535316,HMR1st)치킨&쉬림프 로제 파스타
535344,HMR1st)트리플치즈갈릭리조또
535311,HMR1st)함박스테이크 파스타
535317,더욱맛있어진나폴리탄토마토파스타
535315,더욱맛있어진함박스테이크라이스
321947,로스트치킨도리아
321946,모짜렐라토마토파스타
535233,미트볼오므라이스
322429,양송이스프볼키트
322003,칠리치킨브리또
322216,팬케익브런치
322065,함박스테이크
574412,HMR1st)미니크라상
900516,HMRside)NEW양송이스프
910720,HMRside)끼니반란 반숙란(2입)
900660,HMRside)단백가득닭가슴살바(청양고추)
900662,HMRside)로제크림파스타소스
900638,HMRside)매콤핫스모크드브랏
900661,HMRside)아라비아따파스타소스
900622,HMRside)육즙가득부어스트진한치즈
900623,HMRside)육즙가득부어스트할라피뇨
910708,HMRside)점)스모크드브랏(2개입)
900591,HMRside)콘스프
322662,오이피클(30g)
303344,(12CM)샤인머스캣시그니처우유생크림케이크
303344,(12CM)샤인머스캣시그니처우유생크림케이크
303259,(12CM)시그니처우유생크림케이크
303345,(15CM)샤인머스캣시그니처우유생크림케이크
303258,(15CM)시그니처우유생크림케이크
520178,(1호)우유가득생크림케이크
520273,(1호)우유퐁당생크림케이크
520179,(2호)우유가득생크림케이크
520274,(2호)우유퐁당생크림케이크
303527,(샤인머스캣)히든하트레드벨벳케이크
303751,VW)생딸기레어치즈타르트
520382,곰곰이너만생각해
520236,딸기라떼케이크
302326,딸기레어치즈타르트
520366,레드벨벳케이크
302971,리얼후레쉬 케이크(체리)
302972,리얼후레쉬 케이크(체리) (L)
302973,리얼후레쉬클래식 케이크(체리)
302974,리얼후레쉬클래식 케이크(체리) (L)
520370,마스카포네티라미수
520380,멜팅러브케이크
520176,반)(L)리얼후레쉬1987케이크
520354,반)고구마반생크림반케이크
520354,반)고구마반생크림반케이크
520399,반)꿀고구마생크림케이크
520450,반)딸기마블쉬폰
520175,반)리얼후레쉬1987케이크
520423,반)마이넘버원
520423,반)마이넘버원
520343,반)민초반쿠키반케이크
520448,반)블레싱레드베리(4단)
520419,반)블루베리쉬폰
520397,반)스트로베리서프라이즈
520332,반)우리당근케이크
520421,반)초코바닐라마블쉬폰
520422,반)초코쉬폰
520303,반)초코퍼지케이크_토퍼포함
520405,반)춘식이고구마케이크
303716,베리베리레어치즈타르트
520390,블레싱초코베리
520369,블루베리요거트케이크
520435,생딸기레어치즈타르트1호
520378,생딸기요거트케이크
520323,생딸기치즈케이크
520420,샤인머스켓생크림케이크
520259,스노우화이트초코케이크
520251,스노우화이트치즈케이크
303342,시즌과일) 우유가득 생크림케이크 (1호)
303343,시즌과일) 우유가득 생크림케이크 (2호)
303526,시즌과일)딸기치즈케이크
303696,시즌과일)베리베리서프라이즈
303695,시즌과일)베리요거트
303693,시즌과일)블레싱레드베리
303694,시즌과일)블레싱초코베리
303330,시즌과일)시그니처우유생크림케이크12cm
303327,시즌과일)시그니처우유생크림케이크15cm
303340,시즌과일)우유퐁당 생크림케이크(1호)
303341,시즌과일)우유퐁당 생크림케이크(2호)
303715,오렌지자몽레어치즈타르트
520306,제주구좌당근케이크
520216,진한 가나슈 쇼콜라
303717,천도복숭아레어치즈타르트
520441,초코반딸기반케이크
520441,초코반딸기반케이크
520322,쿠키앤크림케이크
520257,클라우드9티라미수
520284,통밤생크림케이크
520383,하트레드벨벳
520314,히든하트레드벨벳케이크
170474,고구마가 반한 티라미수
130250,"기운센,중장비케이크"
579039,달콤부드러운호박고구마케이크
130180,라인프렌즈브라운과샐리
131525,라인프렌즈슬리핑브라운
130125,러브러브초코
131288,러블리스윗하트
170544,마이넘버원3
130159,마카롱초코링케이크
520424,반)진한크림치즈가득클래식치즈케이크
131537,복토끼는행복배달중
131527,블라썸러브
170331,블루베리크림치즈케이크
130248,뽀로로와함께피크닉케이크
130179,뽀로로의해피데이
130238,사파리친구들이야기
130247,생일축하해! 라이언케이크
130156,쇼콜라파티
131539,썸보다러브케이크
130244,어머나!생일챙겨펭수
579031,즐거운우리집 고구마케이크
130249,치링치링치리링시크릿쥬쥬케이크
170502,치즈반티라미수반
579029,클래식고구마케이크
130246,클래식모카케이크
130070,클래식벨기에밀크초코
130026,클래식벨기에화이트초코
130201,클래식쇼콜라
130087,키즈스토리케이크
130155,트윙클에뚜아르쇼콜라
131526,해피스마일
130143,호두아몬드파티
303449,1호)우유듬뿍생크림케이크(블라썸)
303445,1호)우유듬뿍생크림케이크(선샤인)
303523,1호)우유듬뿍생크림케이크(썸머블라썸)
303519,1호)우유듬뿍생크림케이크(썸머선샤인)
303762,1호)진한우유생크림케이크
303762,1호)진한우유생크림케이크
303763,1호)진한우유생크림케이크(클래식)
303763,1호)진한우유생크림케이크(클래식)
303735,1호_딜)우유듬뿍생크림케이크(선샤인)
303450,2호)우유듬뿍생크림케이크(블라썸)
303446,2호)우유듬뿍생크림케이크(선샤인)
303524,2호)우유듬뿍생크림케이크(썸머블라썸)
303520,2호)우유듬뿍생크림케이크(썸머선샤인)
303764,2호)진한우유생크림케이크
303764,2호)진한우유생크림케이크
303765,2호)진한우유생크림케이크(클래식)
303765,2호)진한우유생크림케이크(클래식)
303736,2호_딜)우유듬뿍생크림케이크(선샤인)
303451,3호)우유듬뿍생크림케이크(블라썸)
303447,3호)우유듬뿍생크림케이크(선샤인)
303525,3호)우유듬뿍생크림케이크(썸머블라썸)
303521,3호)우유듬뿍생크림케이크(썸머선샤인)
303737,3호_딜)우유듬뿍생크림케이크(선샤인)
303448,6호)우유듬뿍생크림케이크(선샤인)
303522,6호)우유듬뿍생크림케이크(썸머선샤인)
170547,생딸기생크림케이크
170584,생딸기초코프레지에
170576,생딸기프레지에
170546,생블루베리생크림케이크
302589,조각)청포도레어치즈타르트
170565,진한초코생크림케이크
302588,청포도레어치즈타르트
302966,초코우유푸딩케이크(체리)
302413,퓨어화이트생크림케이크
321986,햇살담은 사과생크림케이크 1호
321987,햇살담은 사과생크림케이크 2호
321988,햇살담은 사과생크림케이크 3호
401236,행)우유생크림케이크 파티
520063,가나슈초콜릿케이크(조각)
520459,기분이초코생크림(조각)
110267,단팥생크림빵
520379,딸기우유생크림케이크(조각)
302786,마카롱(3개입)
302787,마카롱(4개입)
302788,마카롱(5개입)
302400,마카롱(6개입)
302789,마카롱(8개입)
520194,반) 세븐컬러스 조각케이크
520205,반)딸기&치즈케이크(조각)
520436,반)레어치즈타르트(쇼트)
520070,블랙포레스트케이크(조각)
520384,블레싱레드베리미니
520391,블레싱초코베리미니
520460,블루베리머치생크림(조각)
110269,소보루생크림빵
520410,순수(秀)우유케이크미니
520458,스트로베리굿굿생크림(조각)
574735,신)딸기가나슈마카롱
574737,신)바닐라마카롱
574740,신)블루베리마카롱
574738,신)솔티드카라멜마카롱
574736,신)유자가나슈마카롱
574734,신)초코마카롱
110268,우유생크림빵
530052,우유크림슈
302719,우유크림슈(4개입)
321445,우유크림슈(5개입)
302782,우유크림슈(6개입)
520060,클래식치즈케이크(조각)
574885,고소한호두듬뿍타르트
574897,뉴)소금버터스콘
574897,뉴)소금버터스콘
574897,뉴)소금버터스콘
574898,뉴)초코칩스콘(삼각)
574598,뉴욕치즈타르트
122134,미스베어
122135,미스터베어
574995,베리베리스콘
900399,벨기에와플
140166,블루베리머핀
140163,오리지널머핀
574605,옥수수치즈타르트
574820,정통 에그타르트
122502,조각) 로스팅 호두 듬뿍 호두파이
170261,초코가달콤한시간
140164,초콜릿머핀
170251,치즈가부드러운시간
140169,콰트로 치즈머핀
572945,티라미수타르트
140282,듀엣롤케익
140132,블루베리듬뿍롤케익
140195,산딸기듬뿍롤케익
140003,실키롤케익
140194,제주한라봉롤케익
140307,청송사과롤케익
140165,카페모카롤케익
150047,그린말차본델리슈
150048,리)명가명품우리벌꿀카스테라
150049,리)명가명품제주말차카스테라
150050,리)명가명품제주천혜향카스테라
150052,쁘띠허니본델리슈
150051,허니밀크본델리슈
140316,경산대추파운드
140319,우리쌀견과파운드
140182,정통파운드케익
140275,콰트로 치즈 파운드
140016,호두파운드케익
122969,감사의마음전통세트
122426,구움과자세트
122443,만월빵
123104,바삭한우리쌀모나카(대)
123105,바삭한우리쌀모나카(소)
122213,밤양갱
930075,벨지엄쿠키세트
122099,아몬드휘낭시에
123059,양갱미감
574441,정일품전병
122100,초코휘낭시에
122281,치즈 마들렌
122424,치즈마들렌
123101,클로버만주
122214,팥양갱
574776,프렌치고프레
122004,호두파이
122204,화과자명가(대)
122205,화과자명가(소)
930053,108겹롱스틱파이
900395,PB스타일 나쵸칩
900412,갓구운즉석쿠키
991635,갓구운즉석쿠키 1/2
991636,갓구운즉석쿠키 1/4
991444,갓구운즉석쿠키(10개입)
991447,갓구운즉석쿠키(2개입)
991445,갓구운즉석쿠키(3개입)
991446,갓구운즉석쿠키(4개입)
991443,갓구운즉석쿠키(5개입)
991448,갓구운즉석쿠키(6개입)
991449,갓구운즉석쿠키(7개입)
991450,갓구운즉석쿠키(8개입)
991451,갓구운즉석쿠키(9개입)
921899,"건강하세요,오늘의견과세트"
910630,굿너츠200g
910440,너트믹스
910439,너트호두
123092,넛츠버터링쿠키세트
122460,넛츠브라우니쿠키
910442,네이처밸리 메이플시럽
910444,네이처밸리 애플크런치
910443,네이처밸리 오츠앤허니
991442,다크초콜릿마카다미아쿠키
991440,더블퍼지쿠키
910655,밀크킹
122149,브라우니쿠키
122810,쁘띠만주
910513,소피아토 웨이퍼롤스113g
122201,우리아이앙팡마들렌
991438,잉글리쉬토피쿠키
930167,진저스냅스(바닐라)
930168,진저스냅스(오렌지)
930166,진저스냅스(오리지널)
933052,체다치즈프레첼
991437,크랜베리월넛쿠키
991436,퍼지월넛쿠키
910779,(NEW)프루티캔디(소)
910780,(NEW)프루티캔디(중)
991476,PB스타일후르트망고
991479,PB스타일후르트복숭아
991480,PB스타일후르트사과
991481,PB스타일후르트오렌지
991477,PB스타일후르트체리
991478,PB스타일후르트포도
910793,곰곰이너만생각해(대)
910792,곰곰이너만생각해(중)
910797,곰곰이젤리해망고&포도
910796,곰곰이젤리해사과&딸기
910794,곰곰이초코해밀크&화이트
910006,과일믹스캔디
910729,뉴)후르티아오젤리망고
910727,뉴)후르티아오젤리석류
910791,뉴)후르티아오젤리청포도
921596,라 메종드 아마린 카라멜
921778,라인프렌즈롤리초코
553072,러브웨이브초콜릿
910551,레인보우자일리톨껌
921164,롤리팝캔디(파핑블루)
920133,롤리팝캔디(파핑블루핑크)
921162,롤리팝캔디(파핑핑크)
910766,몬티보장글스베리버블리
910765,몬티보장글스스크럼플넛티
910763,몬티보장글스초키스코피
910767,몬티보장글스쿠키문
910764,몬티보장글스플러터스카치
936038,무설탕레몬
936159,믹스드베리캔디
930189,반덴벌크씨쉘초콜릿(대)
921843,베르깽)과일맛소프트캔디
910760,보브로카라멜맛프랄린
910758,보브로코코넛&카라멜맛프랄린
910759,보브로크리스포초코프랄린
930195,보브로판나코타프랄린
910757,보브로헤이즐넛패션프랄린
550570,봉보네뜨 아몬드다크초콜릿바
550569,봉보네뜨 아몬드밀크초콜릿바
921715,뽀로로롤리초코
910736,신비아파트젤로미롤리팝
921342,씨쉘초콜릿(대)200g
921345,씨쉘초콜릿(미니)50g
921344,씨쉘초콜릿(소)100g
921343,씨쉘초콜릿(중)150g
920891,위토스디럭스(골든)
920889,위토스하트(골든)
921893,자일스톤레몬향
921894,자일스톤민트향
921892,자일스톤복숭아향
910005,종합과일캔디
910783,"춘식,어피치,라이언젤로미롤리팝"
910689,카카오프렌즈 롤리초코
910008,커피캔디
936158,크랜베리캔디
910795,클로버롤리초코
550738,통째로아다지오볼
550616,통째로아몬드볼
922297,통통하트롤리초코
930197,통통하트젤로미
910369,파리스데코펜(초코)
921881,펭수롤리팝
921871,포켓몬롤리초코
910665,포켓몬스터젤로미롤리팝
933196,프레쉬레몬캔디
930198,프루티디메어씨쉘초콜릿(미니)
930194,프루티디메어씨쉘초콜릿(소)
930193,프루티디메어씨쉘초콜릿(중)
933435,프루티캔디(소)_150g
933434,프루티캔디(중)_240g
921878,핑크퐁 롤리초코
910687,핑크퐁 젤리스틱
303018,핑크퐁 젤리스틱(낱개)
910680,핑크퐁과상어가족젤로미롤리팝
910732,후르티아망고아연젤리
910733,후르티아석류콜라겐젤리
910730,후르티아쨍쨍젤리
930129,(대)벨지안 트레디셔널 프랄린 초콜릿
930130,(중)벨지안 트레디셔널 프랄린 초콜릿
570965,명가찹쌀떡
921754,쁘띠스위츠
900428,정답만보엿
900428,정답만보엿
900429,정답콕콕매직펜
921286,할로윈롤리초코
900433,합격기원
910761,합격기원엿
920429,합격소망엿(대)
920429,합격소망엿(대)
920430,합격소망엿(중)
910445,레피시에 딸기쨈
910564,레피시에 딸기쨈105g
910448,레피시에 블루베리믹스쨈
910566,레피시에 블루베리믹스쨈105g
910446,레피시에 사과쨈
910569,레피시에 상큼한딸기쨈
910450,레피시에 유기농딸기쨈
900614,레피시에한라봉오렌지쨈
910363,망고패션 오렌지쨈
910494,바이오델리지아 블루베리
910493,바이오델리지아 포레스트후르츠
930057,온브레드땅콩버터
910762,조청담다
900610,후르티아제주과일청세트
900612,후르티아제주천혜향청스틱
900611,후르티아제주한라봉청스틱
572659,녹차아이스바
572659,녹차아이스바
572656,딸기아이스바
572656,딸기아이스바
572688,리얼 수박바
572688,리얼 수박바
572689,리얼 유자요거트바
572689,리얼 유자요거트바
572690,리얼 키위요거트바
572690,리얼 키위요거트바
572663,리얼딸기소르베바
572663,리얼딸기소르베바
572669,리얼망고소르베바
572669,리얼망고소르베바
572684,리얼민트초코바
572684,리얼민트초코바
572655,메론아이스바
572655,메론아이스바
572660,바닐라아이스바
572660,바닐라아이스바
573775,블루아이스캔디
573775,블루아이스캔디
572699,요구르트아이스캔디
572699,요구르트아이스캔디
572658,초코아이스바
572658,초코아이스바
572661,커피아이스바
572661,커피아이스바
572657,팥아이스바
572657,팥아이스바
573791,포도아이스캔디
573791,포도아이스캔디
573780,프리미엄아이스바밀크&망고
573780,프리미엄아이스바밀크&망고
574758,프리미엄아이스바바나나
574758,프리미엄아이스바바나나
573779,프리미엄아이스바생초코
573779,프리미엄아이스바생초코
573774,NEW)화이트요거트콘아이스크림
573774,NEW)화이트요거트콘아이스크림
572698,그린티컵
572698,그린티컵
572667,녹차모나카아이스크림
572667,녹차모나카아이스크림
572687,딸기요거트 콘 아이스크림
572687,딸기요거트 콘 아이스크림
573765,망고올데이(파인트)
573765,망고올데이(파인트)
572696,망고올데이컵
572696,망고올데이컵
930157,망고패션후르츠프리미엄컵
930157,망고패션후르츠프리미엄컵
573773,민트초코마카롱아이스크림
573773,민트초코마카롱아이스크림
573764,밀크올데이(파인트)
573764,밀크올데이(파인트)
572695,밀크올데이컵
572695,밀크올데이컵
930156,바닐라솔티드카라멜프리미엄컵
930156,바닐라솔티드카라멜프리미엄컵
573776,빅오(BIGEAU)아이스컵
573776,빅오(BIGEAU)아이스컵
573795,생초코마카롱아이스크림
573795,생초코마카롱아이스크림
574041,"아이스찹쌀떡(녹차,코코넛,초코)"
574041,"아이스찹쌀떡(녹차,코코넛,초코)"
910831,우유모나카아이스크림
910831,우유모나카아이스크림
572697,초콜릿컵
572697,초콜릿컵
572639,치즈디저트아이스크림
572639,치즈디저트아이스크림
572686,카페쇼콜라 콘아이스크림
572686,카페쇼콜라 콘아이스크림
910856,콩고물모나카아이스크림
910856,콩고물모나카아이스크림
572620,쿠키앤크림마카롱아이스크림
572620,쿠키앤크림마카롱아이스크림
572668,팥모나카아이스크림
572668,팥모나카아이스크림
910817,NEW아이스에이지
910725,OEAU생수(안나)
910724,OEAU생수(엘사)
910723,OEAU생수(울라프)
910853,OEAU생수라벨프리
572953,純秀(순수)얼음(컵)
910511,굿밸런스밀크1:4 (200ml)
910510,굿밸런스밀크1:4 (750ml)
910539,굿밸런스요거트1:4(딸기)
910538,굿밸런스요거트1:4(플레인)
933765,로열밀크티
910574,설목장유기농요거트450ml
910554,설목장유기농우유200ml
910555,설목장유기농우유750ml
933299,쏘유두유검은콩
991620,쏘유두유검은콩(선물세트)
933300,쏘유두유플레인
991621,쏘유두유플레인(선물세트)
910825,아몬드유
933016,아침엔딸기우유(200ml)
933028,아침엔바나나우유(200ml)
933017,아침엔초코우유(200ml)
933015,아침엔후레쉬우유(200ml)
910206,아침엔후레쉬우유(450ml)
910207,아침엔후레쉬우유(930ml)
910835,윌크키즈우유
910559,제주녹차라떼
933764,제주말차밀크티
910627,카페아다지오딥카라멜마끼아또
910610,카페아다지오리치카페모카(250mL)
910611,카페아다지오에스프레소라떼(250mL)
910436,Cheeky(치키)복숭아티
900572,PB)ABC클린
900571,PB)뷰티풀오렌지
938569,공룡메카드 사과 (치어팩)
938566,공룡메카드사과(PET)
938567,공룡메카드오렌지(PET)
938568,공룡메카드오렌지(치어팩)
991630,꿀담은거제유자(선물세트)
910654,꿀담은거제유자NEW
910818,나츄나츄 복숭아n망고
910819,나츄나츄 파인애플n오렌지
991631,나츄나츄허니과즙복숭아망고(선물세트)
991632,나츄나츄허니과즙파인오렌지(선물세트)
321780,데일리주스선물세트(10개입)
991617,데일리주스오렌지(선물세트)
910649,데일리주스오렌지NEW
991619,데일리주스자몽(선물세트)
910651,데일리주스자몽NEW
991618,데일리주스포도(선물세트)
910650,데일리주스포도NEW
910586,또봇오렌지(치어팩)
933715,베르가모또(베르가못)
910845,보툰네오(딸기오렌지)
938585,보툰데이브(딸기n오렌지)
910844,보툰라이언(청귤)
938582,보툰루피(믹스베리)
938586,보툰밥(망고n파인애플)
938577,보툰브라운(망고&파인)
938580,보툰뽀로로(트로피칼)
938579,보툰샐리(딸기&오렌지)
938584,보툰스튜어트(복숭아)
910846,보툰어피치(복숭아)
938578,보툰코니(복숭아)
938581,보툰크롱(사과)
933149,보틀그린(석류앤엘더플라워)
933148,보틀그린(엘더플라워)
910807,순純옥수수수염차
933758,스파클링라임
933410,스파클링라즈베리크랜베리
933407,스파클링레드그레이프
933406,스파클링애플
936014,스파클링피치
933628,시칠리아 석류
933629,시칠리아 오리엔탈
938575,시크릿쥬쥬 치어팩(사과)
938576,시크릿쥬쥬 치어팩(오렌지)
938583,시크릿쥬쥬사과(PET)
933716,아란치아로싸(블러드오렌지)
933759,오렌지루이보스NEW
900639,주스레드(JUS레드)
900640,주스옐로우(JUS옐로우)
933717,체드라타(유자)
991613,카페아다지오스틱커피(선물용)
900607,콜드브루디카페인
900606,콜드브루시그니처
938554,클라우스탈러(Non알콜음료)
910617,티스파클링리프레쉬
910816,편안한오후의루이보스
933760,플로럴캐모마일NEW
933627,향긋한오후의카모마일
910834,흑미보리차
321876,착즙 오렌지(300ml)
321875,착즙 자몽(300ml)
925197,PB마스크80소형
925408,PB미니파티빔
925409,PB불멍가습기
925000,레피시에 스프레드나이프
927220,파티3단트레이
921481,(노랑)고깔모자
921480,(도트)고깔모자
921438,(루피)뽀로로 고깔
921479,(무지개)고깔모자
921436,(뽀로로)뽀로로 고깔
921437,(크롱)뽀로로 고깔
922312,PB)골드숫자초(0)
922303,PB)골드숫자초(1)
922304,PB)골드숫자초(2)
922305,PB)골드숫자초(3)
922306,PB)골드숫자초(4)
922307,PB)골드숫자초(5)
922308,PB)골드숫자초(6)
922309,PB)골드숫자초(7)
922310,PB)골드숫자초(8)
922311,PB)골드숫자초(9)
921612,PB생일축하초(파스텔)
921613,PB카네이션초(핑크)
921765,뉴숫자초0호
921766,뉴숫자초1호
921767,뉴숫자초2호
921768,뉴숫자초3호
921769,뉴숫자초4호
921770,뉴숫자초5호
921771,뉴숫자초6호
921772,뉴숫자초7호
921773,뉴숫자초8호
921774,뉴숫자초9호
955317,러브초
922292,리본고깔모자
922294,미스베어고깔모자
713876,미스앤미스터베어데코픽
922295,미스터베어고깔모자
927219,블루고깔모자
921433,뽀로로 배너
921435,뽀로로 풍선
927212,뽀로로와친구들고깔
702307,생일축하초
713874,신)사랑합니다데코픽
713873,신)생일축하픽
713875,신)오래오래건강하세요픽
922318,위싱트리데코픽
707569,점)데코픽_감사합니다
707570,점)데코픽_사랑합니다
708012,점)데코픽_축하합니다
955057,축하카드(5종)
956186,카네이션초(레드)
922226,펭수고깔
922293,핑크고깔모자
921803,카페아다지오 머그_스틱커피세트
300671,생크림
955902,와인선물용케이스(2본)
920714,와인콜크스크류
921784,PB스티키몬스터랩크리스마스초
910418,국내산 채소로만든 피클
910613,그릭슈바인라파주복합세트
910612,그릭슈바인선물세트(햄9개입)
910460,델리프레 살사소스
910461,델리프레 치즈소스
302493,발사믹오일
910326,브렉퍼스트소시지
921483,파티배너
095488,그란데 알베로네 퀸투스(375ml)
065206,꼬르넬라나 까베르네 소비뇽
099159,"더 롱 독, 로제 375ml (PB)"
061936,도멘 라파주 꼬떼 수드
007800,도멘 라파주 나라사
099149,도멘 라파주 니콜라(PB)
077888,도멘 라파주 아무르
077887,도멘 라파주 아무르 로제
099273,라고 비뉴 틴토
095478,라파주 2종 선물세트
099167,라파주 오턴티크(PB)
061875,레 소르씨에르(PB)
099184,레트로 - 파리에디션
099176,마크드플라츠 글루바인(PB)
095480,메종 방뜨낙 2종 선물세트
099146,메종 벵뜨낙 르 파리아(PB)
099148,바스티드 미라플로어
095479,방당주 2종 선물세트
079150,방당주 드 뉘 메를로
099172,사티스 데이 로사도(PB)
099173,사티스 데이 틴토(PB)
099178,샤또 도레 루즈 375ml
061892,샤또 따네스
079001,아무르 플라워 에디션(PB)
061934,장뤽발데스 말벡 뒤 끌로(PB)
079153,저스트 메를로(PB)
007791,코스티에르 드 님
099163,프리모 (PB)
007792,PB)JP슈넷 블랑(화이트)
065208,꼬르넬라나 소비뇽 블랑
063017,꼬르넬라나 쏘비뇽블랑 375
061937,도멘 라파주 꼬떼 플로랄
099272,라고 비뉴 베르데
066309,레이지 베이 슈냉 블랑
099147,메종 벵뜨낙 캐롤(PB)
079151,방당주 드 뉘 샤르도네
099171,사티스 데이 블랑코(PB)
099179,샤또 도레 블랑 375ml
066262,에글 데메리 샤르도네
095137,에글미니와인3종세트(187ml)
079154,저스트 쇼비뇽블랑(PB)
099186,타이티라 쇼비뇽블랑
061876,토크 에 클로쉐 오세아니끄
099278,할로!산타 리슬링
007793,PB)JP슈넷 로제(로제)
061877,꿰르 드 빌(PB)
099161,라 트리플
079148,라뷸
099180,"빌라 욜란다, 모스카토(PB)"
095482,스트로베리 버블
099155,지오다노 블랑드블랑 스푸만테 드라이
095481,초코 버블
095483,피오레 모스카토 다스티
